update MX_ADM.TKT_MDL_ARQ_PRC
set IN_DST_PRC = 'MSS'
where CD_MDL_ARQ_PRC = 803;

-- Modelo do arquivo de distribuição de crédito
insert into MX_ADM.PTC_MSS_MDL_ARQ(CD_MDL_ARQ, DS_MDL_ARQ, CD_STA_CMM, IN_TIP_PRC, IN_TIP_ACA, MU_MAX_LIN, VL_PRI_EXE, NU_EXE_SIM, IN_PMI_AGD, IN_VLD_DUP, IN_PRC_INT, NM_PRC_FIN, NM_FRM_SNN, IN_PRC_OLTP)
values (803, 'Credit Distribution', 1, 'M', 'M', 0, 1, 8, 'F', 'F', 'F', null, null, 'F');

-- Modelo dos registros de distribuição de credito
insert into MX_ADM.PTC_MSS_MDL_REG(CD_MDL_REG, CD_MDL_ARQ, NU_TAM_MAX, NU_ORD_PRC, DS_MDL_REG, ID_CTD_REG, TP_MDL_REG, NM_PRC_REG, CD_STA_CMM, CD_MDL_REG_PAI)
values (1040, 803, 600, 1, 'Header', '00', 'H', 'WT2MX_MSS_CREDIT_ORDER_PKG.FileHeader', 1, null);

insert into MX_ADM.PTC_MSS_MDL_REG(CD_MDL_REG, CD_MDL_ARQ, NU_TAM_MAX, NU_ORD_PRC, DS_MDL_REG, ID_CTD_REG, TP_MDL_REG, NM_PRC_REG, CD_STA_CMM, CD_MDL_REG_PAI)
values (1041, 803, 600, 2, 'Detalhe 01 - Autenticação', '01', 'A', 'WT2MX_MSS_CREDIT_ORDER_PKG.FileAuthentication', 1, 1040);

insert into MX_ADM.PTC_MSS_MDL_REG(CD_MDL_REG, CD_MDL_ARQ, NU_TAM_MAX, NU_ORD_PRC, DS_MDL_REG, ID_CTD_REG, TP_MDL_REG, NM_PRC_REG, CD_STA_CMM, CD_MDL_REG_PAI)
values (1042, 803, 600, 3, 'Detalhe 02 - Cabeçalho Pedido', '02', 'D', 'WT2MX_MSS_CREDIT_ORDER_PKG.ProcessOrderDetailHeader', 1, 1040);

insert into MX_ADM.PTC_MSS_MDL_REG(CD_MDL_REG, CD_MDL_ARQ, NU_TAM_MAX, NU_ORD_PRC, DS_MDL_REG, ID_CTD_REG, TP_MDL_REG, NM_PRC_REG, CD_STA_CMM, CD_MDL_REG_PAI)
values (1043, 803, 600, 4, 'Detalhe 03 - Distribuição aos Cartões', '03', 'D', 'WT2MX_MSS_CREDIT_ORDER_PKG.ProcessOrderDistribution', 1, 1042);

insert into MX_ADM.PTC_MSS_MDL_REG(CD_MDL_REG, CD_MDL_ARQ, NU_TAM_MAX, NU_ORD_PRC, DS_MDL_REG, ID_CTD_REG, TP_MDL_REG, NM_PRC_REG, CD_STA_CMM, CD_MDL_REG_PAI)
values (1044, 803, 600, 5, 'Trailer', '99', 'T', null, 1, null);

-- Modelo do conteudo de distribuição de credito
insert into MX_ADM.PTC_MSS_MDL_CTD(CD_MDL_CTD, CD_MDL_REG, NU_POS_INI, NU_POS_FIM, TP_DAD, DS_FMT_DAD, NU_TAM_MAX, NU_PCS, DS_CTD, DS_RTL_CTD, IN_OBR, VL_PDR, CD_LST_VLR, IN_KEY_VLR)
values (10300, 1040, 1, 2, 'N', null, 2, 0, 'TYPE_REGISTER', 'TipoRegistro', 'T', null, null, 'REGISTER_TYPE');

insert into MX_ADM.PTC_MSS_MDL_CTD(CD_MDL_CTD, CD_MDL_REG, NU_POS_INI, NU_POS_FIM, TP_DAD, DS_FMT_DAD, NU_TAM_MAX, NU_PCS, DS_CTD, DS_RTL_CTD, IN_OBR, VL_PDR, CD_LST_VLR, IN_KEY_VLR)
values (10301, 1040, 3, 9, 'N', null, 7, 0, 'LINE_SEQ_ID', 'NroLinha', 'T', null, null, 'LINE_NUMBER');

insert into MX_ADM.PTC_MSS_MDL_CTD(CD_MDL_CTD, CD_MDL_REG, NU_POS_INI, NU_POS_FIM, TP_DAD, DS_FMT_DAD, NU_TAM_MAX, NU_PCS, DS_CTD, DS_RTL_CTD, IN_OBR, VL_PDR, CD_LST_VLR, IN_KEY_VLR)
values (10302, 1040, 10, 19, 'N', null, 10, 0, 'NR_REMESSA', 'NroRemessa', 'T', null, null, null);

insert into MX_ADM.PTC_MSS_MDL_CTD(CD_MDL_CTD, CD_MDL_REG, NU_POS_INI, NU_POS_FIM, TP_DAD, DS_FMT_DAD, NU_TAM_MAX, NU_PCS, DS_CTD, DS_RTL_CTD, IN_OBR, VL_PDR, CD_LST_VLR, IN_KEY_VLR)
values (10303, 1040, 20, 33, 'D', 'DDMMYYYYHH24MISS', 14, 0, 'DT_REMESSA', 'DataGeracao', 'T', null, null, null);

insert into MX_ADM.PTC_MSS_MDL_CTD(CD_MDL_CTD, CD_MDL_REG, NU_POS_INI, NU_POS_FIM, TP_DAD, DS_FMT_DAD, NU_TAM_MAX, NU_PCS, DS_CTD, DS_RTL_CTD, IN_OBR, VL_PDR, CD_LST_VLR, IN_KEY_VLR)
values (10304, 1040, 34, 83, 'C', null, 50, 0, 'DS_INTERFACE', 'NomeInterface', 'T', null, null, 'INTERFACE_NAME');

insert into MX_ADM.PTC_MSS_MDL_CTD(CD_MDL_CTD, CD_MDL_REG, NU_POS_INI, NU_POS_FIM, TP_DAD, DS_FMT_DAD, NU_TAM_MAX, NU_PCS, DS_CTD, DS_RTL_CTD, IN_OBR, VL_PDR, CD_LST_VLR, IN_KEY_VLR)
values (10305, 1040, 84, 600, 'C', null, 517, 0, 'FILLER', 'Filler', 'F', null, null, null);

insert into MX_ADM.PTC_MSS_MDL_CTD(CD_MDL_CTD, CD_MDL_REG, NU_POS_INI, NU_POS_FIM, TP_DAD, DS_FMT_DAD, NU_TAM_MAX, NU_PCS, DS_CTD, DS_RTL_CTD, IN_OBR, VL_PDR, CD_LST_VLR, IN_KEY_VLR)
values (10306, 1041, 1, 2, 'N', null, 2, 0, 'TYPE_REGISTER', 'TipoRegistro', 'T', null, null, 'REGISTER_TYPE');

insert into MX_ADM.PTC_MSS_MDL_CTD(CD_MDL_CTD, CD_MDL_REG, NU_POS_INI, NU_POS_FIM, TP_DAD, DS_FMT_DAD, NU_TAM_MAX, NU_PCS, DS_CTD, DS_RTL_CTD, IN_OBR, VL_PDR, CD_LST_VLR, IN_KEY_VLR)
values (10307, 1041, 3, 9, 'N', null, 7, 0, 'LINE_SEQ_ID', 'NroLinha', 'T', null, null, 'LINE_NUMBER');

insert into MX_ADM.PTC_MSS_MDL_CTD(CD_MDL_CTD, CD_MDL_REG, NU_POS_INI, NU_POS_FIM, TP_DAD, DS_FMT_DAD, NU_TAM_MAX, NU_PCS, DS_CTD, DS_RTL_CTD, IN_OBR, VL_PDR, CD_LST_VLR, IN_KEY_VLR)
values (10308, 1041, 10, 21, 'N', null, 12, 0, 'MANAGER_IDENTIFICATION', 'Manager', 'T', null, null, 'CD_GST');

insert into MX_ADM.PTC_MSS_MDL_CTD(CD_MDL_CTD, CD_MDL_REG, NU_POS_INI, NU_POS_FIM, TP_DAD, DS_FMT_DAD, NU_TAM_MAX, NU_PCS, DS_CTD, DS_RTL_CTD, IN_OBR, VL_PDR, CD_LST_VLR, IN_KEY_VLR)
values (10309, 1041, 22, 33, 'N', null, 12, 0, 'CORPORATE_LEVEL_IDENTIF', 'Base', 'T', null, null, 'CD_BAS');

insert into MX_ADM.PTC_MSS_MDL_CTD(CD_MDL_CTD, CD_MDL_REG, NU_POS_INI, NU_POS_FIM, TP_DAD, DS_FMT_DAD, NU_TAM_MAX, NU_PCS, DS_CTD, DS_RTL_CTD, IN_OBR, VL_PDR, CD_LST_VLR, IN_KEY_VLR)
values (10310, 1041, 34, 34, 'C', null, 1, 0, 'ACTION_TYPE', 'ActionType', 'F', null, null, 'ACTION_TYPE');

insert into MX_ADM.PTC_MSS_MDL_CTD(CD_MDL_CTD, CD_MDL_REG, NU_POS_INI, NU_POS_FIM, TP_DAD, DS_FMT_DAD, NU_TAM_MAX, NU_PCS, DS_CTD, DS_RTL_CTD, IN_OBR, VL_PDR, CD_LST_VLR, IN_KEY_VLR)
values (10311, 1041, 35, 35, 'C', null, 1, 0, 'PROCESS_TYPE', 'ProcessType', 'F', null, null, 'PROCESS_TYPE');

insert into MX_ADM.PTC_MSS_MDL_CTD(CD_MDL_CTD, CD_MDL_REG, NU_POS_INI, NU_POS_FIM, TP_DAD, DS_FMT_DAD, NU_TAM_MAX, NU_PCS, DS_CTD, DS_RTL_CTD, IN_OBR, VL_PDR, CD_LST_VLR, IN_KEY_VLR)
values (10312, 1041, 36, 600, 'C', null, 565, 0, 'FILLER', 'Filler', 'F', null, null, null);

insert into MX_ADM.PTC_MSS_MDL_CTD(CD_MDL_CTD, CD_MDL_REG, NU_POS_INI, NU_POS_FIM, TP_DAD, DS_FMT_DAD, NU_TAM_MAX, NU_PCS, DS_CTD, DS_RTL_CTD, IN_OBR, VL_PDR, CD_LST_VLR, IN_KEY_VLR)
values (10313, 1042, 1, 2, 'N', null, 2, 0, 'TYPE_REGISTER', 'TipoRegistro', 'T', null, null, 'REGISTER_TYPE');

insert into MX_ADM.PTC_MSS_MDL_CTD(CD_MDL_CTD, CD_MDL_REG, NU_POS_INI, NU_POS_FIM, TP_DAD, DS_FMT_DAD, NU_TAM_MAX, NU_PCS, DS_CTD, DS_RTL_CTD, IN_OBR, VL_PDR, CD_LST_VLR, IN_KEY_VLR)
values (10314, 1042, 3, 9, 'N', null, 7, 0, 'LINE_SEQ_ID', 'NroLinha', 'T', null, null, 'LINE_NUMBER');

insert into MX_ADM.PTC_MSS_MDL_CTD(CD_MDL_CTD, CD_MDL_REG, NU_POS_INI, NU_POS_FIM, TP_DAD, DS_FMT_DAD, NU_TAM_MAX, NU_PCS, DS_CTD, DS_RTL_CTD, IN_OBR, VL_PDR, CD_LST_VLR, IN_KEY_VLR)
values (10315, 1042, 10, 21, 'N', null, 12, 0, 'ORDER_NUMBER', 'NroPedido', 'F', null, null, null);

insert into MX_ADM.PTC_MSS_MDL_CTD(CD_MDL_CTD, CD_MDL_REG, NU_POS_INI, NU_POS_FIM, TP_DAD, DS_FMT_DAD, NU_TAM_MAX, NU_PCS, DS_CTD, DS_RTL_CTD, IN_OBR, VL_PDR, CD_LST_VLR, IN_KEY_VLR)
values (10316, 1042, 22, 29, 'D', 'DDMMYYYY', 8, 0, 'SCHEDULE_DATE', 'DataPedido', 'T', null, null, null);

insert into MX_ADM.PTC_MSS_MDL_CTD(CD_MDL_CTD, CD_MDL_REG, NU_POS_INI, NU_POS_FIM, TP_DAD, DS_FMT_DAD, NU_TAM_MAX, NU_PCS, DS_CTD, DS_RTL_CTD, IN_OBR, VL_PDR, CD_LST_VLR, IN_KEY_VLR)
values (10317, 1042, 30, 529, 'C', null, 500, 0, 'ADDITIONAL_INFO', 'Obs', 'F', null, null, null);

insert into MX_ADM.PTC_MSS_MDL_CTD(CD_MDL_CTD, CD_MDL_REG, NU_POS_INI, NU_POS_FIM, TP_DAD, DS_FMT_DAD, NU_TAM_MAX, NU_PCS, DS_CTD, DS_RTL_CTD, IN_OBR, VL_PDR, CD_LST_VLR, IN_KEY_VLR)
values (10318, 1042, 530, 535, 'N', null, 6, 0, 'ITEM_QUANTITY', 'QtdItens', 'T', null, null, null);

insert into MX_ADM.PTC_MSS_MDL_CTD(CD_MDL_CTD, CD_MDL_REG, NU_POS_INI, NU_POS_FIM, TP_DAD, DS_FMT_DAD, NU_TAM_MAX, NU_PCS, DS_CTD, DS_RTL_CTD, IN_OBR, VL_PDR, CD_LST_VLR, IN_KEY_VLR)
values (10319, 1042, 536, 536, 'C', null, 1, 0, 'IN_PEDIDO_BASE', 'IndPedCredito', 'T', null, null, null);

insert into MX_ADM.PTC_MSS_MDL_CTD(CD_MDL_CTD, CD_MDL_REG, NU_POS_INI, NU_POS_FIM, TP_DAD, DS_FMT_DAD, NU_TAM_MAX, NU_PCS, DS_CTD, DS_RTL_CTD, IN_OBR, VL_PDR, CD_LST_VLR, IN_KEY_VLR)
values (10320, 1042, 537, 552, 'N', null, 16, 2, 'VL_PED_FIN_BAS', 'ValorPedido', 'F', null, null, null);

insert into MX_ADM.PTC_MSS_MDL_CTD(CD_MDL_CTD, CD_MDL_REG, NU_POS_INI, NU_POS_FIM, TP_DAD, DS_FMT_DAD, NU_TAM_MAX, NU_PCS, DS_CTD, DS_RTL_CTD, IN_OBR, VL_PDR, CD_LST_VLR, IN_KEY_VLR)
values (10321, 1042, 553, 600, 'C', null, 48, 0, 'FILLER', 'Filler', 'F', null, null, null);

insert into MX_ADM.PTC_MSS_MDL_CTD(CD_MDL_CTD, CD_MDL_REG, NU_POS_INI, NU_POS_FIM, TP_DAD, DS_FMT_DAD, NU_TAM_MAX, NU_PCS, DS_CTD, DS_RTL_CTD, IN_OBR, VL_PDR, CD_LST_VLR, IN_KEY_VLR)
values (10322, 1043, 1, 2, 'N', null, 2, 0, 'TYPE_REGISTER', 'TipoRegistro', 'T', null, null, 'REGISTER_TYPE');

insert into MX_ADM.PTC_MSS_MDL_CTD(CD_MDL_CTD, CD_MDL_REG, NU_POS_INI, NU_POS_FIM, TP_DAD, DS_FMT_DAD, NU_TAM_MAX, NU_PCS, DS_CTD, DS_RTL_CTD, IN_OBR, VL_PDR, CD_LST_VLR, IN_KEY_VLR)
values (10323, 1043, 3, 9, 'N', null, 7, 0, 'LINE_SEQ_ID', 'NroLinha', 'T', null, null, 'LINE_NUMBER');

insert into MX_ADM.PTC_MSS_MDL_CTD(CD_MDL_CTD, CD_MDL_REG, NU_POS_INI, NU_POS_FIM, TP_DAD, DS_FMT_DAD, NU_TAM_MAX, NU_PCS, DS_CTD, DS_RTL_CTD, IN_OBR, VL_PDR, CD_LST_VLR, IN_KEY_VLR)
values (10324, 1043, 10, 21, 'N', null, 12, 0, 'ORDER_NUMBER', 'NroPedido', 'F', null, null, null);

insert into MX_ADM.PTC_MSS_MDL_CTD(CD_MDL_CTD, CD_MDL_REG, NU_POS_INI, NU_POS_FIM, TP_DAD, DS_FMT_DAD, NU_TAM_MAX, NU_PCS, DS_CTD, DS_RTL_CTD, IN_OBR, VL_PDR, CD_LST_VLR, IN_KEY_VLR)
values (10325, 1043, 22, 40, 'C', null, 19, 0, 'CARD_NUMBER', 'NroCartao', 'F', null, null, null);

insert into MX_ADM.PTC_MSS_MDL_CTD(CD_MDL_CTD, CD_MDL_REG, NU_POS_INI, NU_POS_FIM, TP_DAD, DS_FMT_DAD, NU_TAM_MAX, NU_PCS, DS_CTD, DS_RTL_CTD, IN_OBR, VL_PDR, CD_LST_VLR, IN_KEY_VLR)
values (10326, 1043, 41, 56, 'N', null, 16, 2, 'VALUE', 'Valor', 'T', null, null, null);

insert into MX_ADM.PTC_MSS_MDL_CTD(CD_MDL_CTD, CD_MDL_REG, NU_POS_INI, NU_POS_FIM, TP_DAD, DS_FMT_DAD, NU_TAM_MAX, NU_PCS, DS_CTD, DS_RTL_CTD, IN_OBR, VL_PDR, CD_LST_VLR, IN_KEY_VLR)
values (10327, 1043, 57, 71, 'N', null, 15, 2, 'AVAILABLE_BALANCE', 'SaldoCartao', 'F', null, null, null);

insert into MX_ADM.PTC_MSS_MDL_CTD(CD_MDL_CTD, CD_MDL_REG, NU_POS_INI, NU_POS_FIM, TP_DAD, DS_FMT_DAD, NU_TAM_MAX, NU_PCS, DS_CTD, DS_RTL_CTD, IN_OBR, VL_PDR, CD_LST_VLR, IN_KEY_VLR)
values (10328, 1043, 72, 271, 'C', null, 200, 0, 'ADDITIONAL_INFO', 'Obs', 'F', null, null, null);

insert into MX_ADM.PTC_MSS_MDL_CTD(CD_MDL_CTD, CD_MDL_REG, NU_POS_INI, NU_POS_FIM, TP_DAD, DS_FMT_DAD, NU_TAM_MAX, NU_PCS, DS_CTD, DS_RTL_CTD, IN_OBR, VL_PDR, CD_LST_VLR, IN_KEY_VLR)
values (10329, 1043, 272, 272, 'N', null, 1, 0, 'CREDIT_TYPE', 'TpCredito', 'F', null, null, null);

insert into MX_ADM.PTC_MSS_MDL_CTD(CD_MDL_CTD, CD_MDL_REG, NU_POS_INI, NU_POS_FIM, TP_DAD, DS_FMT_DAD, NU_TAM_MAX, NU_PCS, DS_CTD, DS_RTL_CTD, IN_OBR, VL_PDR, CD_LST_VLR, IN_KEY_VLR)
values (10330, 1043, 273, 273, 'N', null, 1, 0, 'DISTRIBUTION_TYPE', 'TpDistribuicao', 'F', null, null, null);

insert into MX_ADM.PTC_MSS_MDL_CTD(CD_MDL_CTD, CD_MDL_REG, NU_POS_INI, NU_POS_FIM, TP_DAD, DS_FMT_DAD, NU_TAM_MAX, NU_PCS, DS_CTD, DS_RTL_CTD, IN_OBR, VL_PDR, CD_LST_VLR, IN_KEY_VLR)
values (10331, 1043, 274, 278, 'N', null, 5, 0, 'MERCHANDISE_IDENTIFICATION', 'Mercadoria', 'F', null, null, null);

insert into MX_ADM.PTC_MSS_MDL_CTD(CD_MDL_CTD, CD_MDL_REG, NU_POS_INI, NU_POS_FIM, TP_DAD, DS_FMT_DAD, NU_TAM_MAX, NU_PCS, DS_CTD, DS_RTL_CTD, IN_OBR, VL_PDR, CD_LST_VLR, IN_KEY_VLR)
values (10332, 1043, 279, 286, 'N', null, 8, 3, 'MERCHANDISE_QUANTITY', 'QtdMercadoria', 'F', null, null, null);

insert into MX_ADM.PTC_MSS_MDL_CTD(CD_MDL_CTD, CD_MDL_REG, NU_POS_INI, NU_POS_FIM, TP_DAD, DS_FMT_DAD, NU_TAM_MAX, NU_PCS, DS_CTD, DS_RTL_CTD, IN_OBR, VL_PDR, CD_LST_VLR, IN_KEY_VLR)
values (10333, 1043, 287, 301, 'N', null, 15, 3, 'MERCHANDISE_UNIT_PRICE', 'PrecoMercadoria', 'F', null, null, null);

insert into MX_ADM.PTC_MSS_MDL_CTD(CD_MDL_CTD, CD_MDL_REG, NU_POS_INI, NU_POS_FIM, TP_DAD, DS_FMT_DAD, NU_TAM_MAX, NU_PCS, DS_CTD, DS_RTL_CTD, IN_OBR, VL_PDR, CD_LST_VLR, IN_KEY_VLR)
values (10334, 1043, 302, 309, 'D', 'DDMMYYYY', 8, 0, 'FECHA_CADUCIDAD', 'DtExpiracao', 'F', null, null, null);

insert into MX_ADM.PTC_MSS_MDL_CTD(CD_MDL_CTD, CD_MDL_REG, NU_POS_INI, NU_POS_FIM, TP_DAD, DS_FMT_DAD, NU_TAM_MAX, NU_PCS, DS_CTD, DS_RTL_CTD, IN_OBR, VL_PDR, CD_LST_VLR, IN_KEY_VLR)
values (10335, 1043, 310, 359, 'C', null, 50, 0, 'ROUTE', 'Rota', 'F', null, null, null);

insert into MX_ADM.PTC_MSS_MDL_CTD(CD_MDL_CTD, CD_MDL_REG, NU_POS_INI, NU_POS_FIM, TP_DAD, DS_FMT_DAD, NU_TAM_MAX, NU_PCS, DS_CTD, DS_RTL_CTD, IN_OBR, VL_PDR, CD_LST_VLR, IN_KEY_VLR)
values (10336, 1043, 360, 369, 'N', null, 10, 0, 'KM_QUANTITY', 'QtdKM', 'F', null, null, null);

insert into MX_ADM.PTC_MSS_MDL_CTD(CD_MDL_CTD, CD_MDL_REG, NU_POS_INI, NU_POS_FIM, TP_DAD, DS_FMT_DAD, NU_TAM_MAX, NU_PCS, DS_CTD, DS_RTL_CTD, IN_OBR, VL_PDR, CD_LST_VLR, IN_KEY_VLR)
values (10337, 1043, 370, 374, 'N', null, 5, 2, 'VEHICLE_PERFORMANCE', 'Rendimento', 'F', null, null, null);

insert into MX_ADM.PTC_MSS_MDL_CTD(CD_MDL_CTD, CD_MDL_REG, NU_POS_INI, NU_POS_FIM, TP_DAD, DS_FMT_DAD, NU_TAM_MAX, NU_PCS, DS_CTD, DS_RTL_CTD, IN_OBR, VL_PDR, CD_LST_VLR, IN_KEY_VLR)
values (10338, 1043, 375, 394, 'N', null, 20, 0, 'TAG_NUMERICA', 'TagNfcNum', 'F', null, null, null);

insert into MX_ADM.PTC_MSS_MDL_CTD(CD_MDL_CTD, CD_MDL_REG, NU_POS_INI, NU_POS_FIM, TP_DAD, DS_FMT_DAD, NU_TAM_MAX, NU_PCS, DS_CTD, DS_RTL_CTD, IN_OBR, VL_PDR, CD_LST_VLR, IN_KEY_VLR)
values (10339, 1043, 395, 414, 'C', null, 20, 0, 'TAG_HEXADECIMAL', 'TagNfcId', 'F', null, null, null);

insert into MX_ADM.PTC_MSS_MDL_CTD(CD_MDL_CTD, CD_MDL_REG, NU_POS_INI, NU_POS_FIM, TP_DAD, DS_FMT_DAD, NU_TAM_MAX, NU_PCS, DS_CTD, DS_RTL_CTD, IN_OBR, VL_PDR, CD_LST_VLR, IN_KEY_VLR)
values (10340, 1043, 415, 600, 'C', null, 186, 0, 'FILLER', 'Filler', 'F', null, null, null);

insert into MX_ADM.PTC_MSS_MDL_CTD(CD_MDL_CTD, CD_MDL_REG, NU_POS_INI, NU_POS_FIM, TP_DAD, DS_FMT_DAD, NU_TAM_MAX, NU_PCS, DS_CTD, DS_RTL_CTD, IN_OBR, VL_PDR, CD_LST_VLR, IN_KEY_VLR)
values (10341, 1044, 1, 2, 'N', null, 2, 0, 'TYPE_REGISTRER', 'TipoRegistro', 'T', null, null, 'REGISTER_TYPE');

insert into MX_ADM.PTC_MSS_MDL_CTD(CD_MDL_CTD, CD_MDL_REG, NU_POS_INI, NU_POS_FIM, TP_DAD, DS_FMT_DAD, NU_TAM_MAX, NU_PCS, DS_CTD, DS_RTL_CTD, IN_OBR, VL_PDR, CD_LST_VLR, IN_KEY_VLR)
values (10342, 1044, 3, 9, 'N', null, 7, 0, 'LINE_SEQ_ID', 'NroLinha', 'T', null, null, 'LINE_NUMBER');

insert into MX_ADM.PTC_MSS_MDL_CTD(CD_MDL_CTD, CD_MDL_REG, NU_POS_INI, NU_POS_FIM, TP_DAD, DS_FMT_DAD, NU_TAM_MAX, NU_PCS, DS_CTD, DS_RTL_CTD, IN_OBR, VL_PDR, CD_LST_VLR, IN_KEY_VLR)
values (10343, 1044, 10, 19, 'N', null, 10, 0, 'NR_REMESSA', 'NroRemessa', 'T', null, null, null);

insert into MX_ADM.PTC_MSS_MDL_CTD(CD_MDL_CTD, CD_MDL_REG, NU_POS_INI, NU_POS_FIM, TP_DAD, DS_FMT_DAD, NU_TAM_MAX, NU_PCS, DS_CTD, DS_RTL_CTD, IN_OBR, VL_PDR, CD_LST_VLR, IN_KEY_VLR)
values (10344, 1044, 20, 33, 'D', 'DDMMYYYYHH24MISS', 14, 0, 'DT_REMESSA', 'DataRemessa', 'T', null, null, null);

insert into MX_ADM.PTC_MSS_MDL_CTD(CD_MDL_CTD, CD_MDL_REG, NU_POS_INI, NU_POS_FIM, TP_DAD, DS_FMT_DAD, NU_TAM_MAX, NU_PCS, DS_CTD, DS_RTL_CTD, IN_OBR, VL_PDR, CD_LST_VLR, IN_KEY_VLR)
values (10345, 1044, 34, 48, 'N', null, 15, 0, 'CT_REGISTROS', 'QtdeRegistros', 'T', null, null, null);

insert into MX_ADM.PTC_MSS_MDL_CTD(CD_MDL_CTD, CD_MDL_REG, NU_POS_INI, NU_POS_FIM, TP_DAD, DS_FMT_DAD, NU_TAM_MAX, NU_PCS, DS_CTD, DS_RTL_CTD, IN_OBR, VL_PDR, CD_LST_VLR, IN_KEY_VLR)
values (10346, 1044, 49, 600, 'C', null, 552, 0, 'FILLER', 'Filler', 'F', null, null, null);

-- Modelo de Resposta de arquivo de distribuição de crédito
insert into MX_ADM.PTC_MSS_MDL_ARQ_RPT(CD_MDL_ARQ_RPT, DS_MDL_ARQ_RPT, CD_MDL_ARQ, CD_STA_CMM, NM_PRC_RPT)
values (803, 'Credit Distribution', 803, 1, null);

-- Modelo de Resposta dos registros de distribuição de crédito
insert into MX_ADM.PTC_MSS_MDL_REG_RPT(CD_MDL_REG_RPT, CD_MDL_ARQ_RPT, DS_MDL_REG_RPT, NU_ORD_REG, TP_MDL_REG, CD_STA_CMM, CD_MDL_REG, NM_PRC_REG)
values (1040, 803, 'Header', 1, 'H', 1, 1040, null);

insert into MX_ADM.PTC_MSS_MDL_REG_RPT(CD_MDL_REG_RPT, CD_MDL_ARQ_RPT, DS_MDL_REG_RPT, NU_ORD_REG, TP_MDL_REG, CD_STA_CMM, CD_MDL_REG, NM_PRC_REG)
values (1041, 803, 'Detalhe 01 - Autenticação', 2, 'A', 1, 1041, null);

insert into MX_ADM.PTC_MSS_MDL_REG_RPT(CD_MDL_REG_RPT, CD_MDL_ARQ_RPT, DS_MDL_REG_RPT, NU_ORD_REG, TP_MDL_REG, CD_STA_CMM, CD_MDL_REG, NM_PRC_REG)
values (1042, 803, 'Detalhe 02 - Cabeçalho Pedido', 3, 'D', 1, 1042, null);

insert into MX_ADM.PTC_MSS_MDL_REG_RPT(CD_MDL_REG_RPT, CD_MDL_ARQ_RPT, DS_MDL_REG_RPT, NU_ORD_REG, TP_MDL_REG, CD_STA_CMM, CD_MDL_REG, NM_PRC_REG)
values (1043, 803, 'Detalhe 03 - Distribuição aos Cartões', 4, 'D', 1, 1043, null);

insert into MX_ADM.PTC_MSS_MDL_REG_RPT(CD_MDL_REG_RPT, CD_MDL_ARQ_RPT, DS_MDL_REG_RPT, NU_ORD_REG, TP_MDL_REG, CD_STA_CMM, CD_MDL_REG, NM_PRC_REG)
values (1044, 803, 'Trailer', 5, 'T', 1, 1044, null);


-- Modelo de Resposta do conteudo de distribuição de credito
insert into MX_ADM.PTC_MSS_MDL_CTD_RPT(CD_MDL_CTD_RPT, CD_MDL_REG_RPT, NU_POS_INI, NU_POS_FIM, TP_DAD, DS_FMT_DAD, NU_TAM_MAX, NU_PCS, DS_CTD, DS_RTL_CTD, IN_OBR, VL_PDR, IN_ERR)
values (10300, 1040, 1, 2, 'N', null, 2, 0, 'TYPE_REGISTER', 'TipoRegistro', 'T', null, 'F');

insert into MX_ADM.PTC_MSS_MDL_CTD_RPT(CD_MDL_CTD_RPT, CD_MDL_REG_RPT, NU_POS_INI, NU_POS_FIM, TP_DAD, DS_FMT_DAD, NU_TAM_MAX, NU_PCS, DS_CTD, DS_RTL_CTD, IN_OBR, VL_PDR, IN_ERR)
values (10301, 1040, 3, 9, 'N', null, 7, 0, 'LINE_SEQ_ID', 'NroLinha', 'T', null, 'F');

insert into MX_ADM.PTC_MSS_MDL_CTD_RPT(CD_MDL_CTD_RPT, CD_MDL_REG_RPT, NU_POS_INI, NU_POS_FIM, TP_DAD, DS_FMT_DAD, NU_TAM_MAX, NU_PCS, DS_CTD, DS_RTL_CTD, IN_OBR, VL_PDR, IN_ERR)
values (10302, 1040, 10, 19, 'N', null, 10, 0, 'NR_REMESSA', 'NroRemessa', 'T', null, 'F');

insert into MX_ADM.PTC_MSS_MDL_CTD_RPT(CD_MDL_CTD_RPT, CD_MDL_REG_RPT, NU_POS_INI, NU_POS_FIM, TP_DAD, DS_FMT_DAD, NU_TAM_MAX, NU_PCS, DS_CTD, DS_RTL_CTD, IN_OBR, VL_PDR, IN_ERR)
values (10303, 1040, 20, 33, 'D', 'DDMMYYYYHH24MISS', 14, 0, 'DT_REMESSA', 'DataGeracao', 'T', null, 'F');

insert into MX_ADM.PTC_MSS_MDL_CTD_RPT(CD_MDL_CTD_RPT, CD_MDL_REG_RPT, NU_POS_INI, NU_POS_FIM, TP_DAD, DS_FMT_DAD, NU_TAM_MAX, NU_PCS, DS_CTD, DS_RTL_CTD, IN_OBR, VL_PDR, IN_ERR)
values (10304, 1040, 34, 83, 'C', null, 50, 0, 'DS_INTERFACE', 'NomeInterface', 'T', null, 'F');

insert into MX_ADM.PTC_MSS_MDL_CTD_RPT(CD_MDL_CTD_RPT, CD_MDL_REG_RPT, NU_POS_INI, NU_POS_FIM, TP_DAD, DS_FMT_DAD, NU_TAM_MAX, NU_PCS, DS_CTD, DS_RTL_CTD, IN_OBR, VL_PDR, IN_ERR)
values (10305, 1040, 84, 93, 'A', null, 10, 0, 'DS_ACTION_TYPE', 'ActionType', 'T', null, 'F');

insert into MX_ADM.PTC_MSS_MDL_CTD_RPT(CD_MDL_CTD_RPT, CD_MDL_REG_RPT, NU_POS_INI, NU_POS_FIM, TP_DAD, DS_FMT_DAD, NU_TAM_MAX, NU_PCS, DS_CTD, DS_RTL_CTD, IN_OBR, VL_PDR, IN_ERR)
values (10306, 1040, 94, 110, 'A', null, 17, 0, 'FILLER', 'Filler', 'F', null, 'F');

insert into MX_ADM.PTC_MSS_MDL_CTD_RPT(CD_MDL_CTD_RPT, CD_MDL_REG_RPT, NU_POS_INI, NU_POS_FIM, TP_DAD, DS_FMT_DAD, NU_TAM_MAX, NU_PCS, DS_CTD, DS_RTL_CTD, IN_OBR, VL_PDR, IN_ERR)
values (10307, 1041, 1, 2, 'N', null, 2, 0, 'TYPE_REGISTER', 'TipoRegistro', 'T', null, 'F');

insert into MX_ADM.PTC_MSS_MDL_CTD_RPT(CD_MDL_CTD_RPT, CD_MDL_REG_RPT, NU_POS_INI, NU_POS_FIM, TP_DAD, DS_FMT_DAD, NU_TAM_MAX, NU_PCS, DS_CTD, DS_RTL_CTD, IN_OBR, VL_PDR, IN_ERR)
values (10308, 1041, 3, 9, 'N', null, 7, 0, 'LINE_SEQ_ID', 'NroLinha', 'T', null, 'F');

insert into MX_ADM.PTC_MSS_MDL_CTD_RPT(CD_MDL_CTD_RPT, CD_MDL_REG_RPT, NU_POS_INI, NU_POS_FIM, TP_DAD, DS_FMT_DAD, NU_TAM_MAX, NU_PCS, DS_CTD, DS_RTL_CTD, IN_OBR, VL_PDR, IN_ERR)
values (10309, 1041, 10, 21, 'N', null, 12, 0, 'MANAGER_IDENTIFICATION', 'Manager', 'T', null, 'F');

insert into MX_ADM.PTC_MSS_MDL_CTD_RPT(CD_MDL_CTD_RPT, CD_MDL_REG_RPT, NU_POS_INI, NU_POS_FIM, TP_DAD, DS_FMT_DAD, NU_TAM_MAX, NU_PCS, DS_CTD, DS_RTL_CTD, IN_OBR, VL_PDR, IN_ERR)
values (10310, 1041, 22, 33, 'N', null, 12, 0, 'CORPORATE_LEVEL_IDENTIF', 'Base', 'T', null, 'F');

insert into MX_ADM.PTC_MSS_MDL_CTD_RPT(CD_MDL_CTD_RPT, CD_MDL_REG_RPT, NU_POS_INI, NU_POS_FIM, TP_DAD, DS_FMT_DAD, NU_TAM_MAX, NU_PCS, DS_CTD, DS_RTL_CTD, IN_OBR, VL_PDR, IN_ERR)
values (10311, 1041, 34, 83, 'A', null, 50, 0, 'MSG_ERROS', 'Erros', 'T', null, 'T');

insert into MX_ADM.PTC_MSS_MDL_CTD_RPT(CD_MDL_CTD_RPT, CD_MDL_REG_RPT, NU_POS_INI, NU_POS_FIM, TP_DAD, DS_FMT_DAD, NU_TAM_MAX, NU_PCS, DS_CTD, DS_RTL_CTD, IN_OBR, VL_PDR, IN_ERR)
values (10312, 1041, 84, 110, 'A', null, 27, 0, 'FILLER', 'Filler', 'F', null, 'F');

insert into MX_ADM.PTC_MSS_MDL_CTD_RPT(CD_MDL_CTD_RPT, CD_MDL_REG_RPT, NU_POS_INI, NU_POS_FIM, TP_DAD, DS_FMT_DAD, NU_TAM_MAX, NU_PCS, DS_CTD, DS_RTL_CTD, IN_OBR, VL_PDR, IN_ERR)
values (10313, 1042, 1, 2, 'N', null, 2, 0, 'TYPE_REGISTER', 'TipoRegistro', 'T', null, 'F');

insert into MX_ADM.PTC_MSS_MDL_CTD_RPT(CD_MDL_CTD_RPT, CD_MDL_REG_RPT, NU_POS_INI, NU_POS_FIM, TP_DAD, DS_FMT_DAD, NU_TAM_MAX, NU_PCS, DS_CTD, DS_RTL_CTD, IN_OBR, VL_PDR, IN_ERR)
values (10314, 1042, 3, 9, 'N', null, 7, 0, 'LINE_SEQ_ID', 'NroLinha', 'T', null, 'F');

insert into MX_ADM.PTC_MSS_MDL_CTD_RPT(CD_MDL_CTD_RPT, CD_MDL_REG_RPT, NU_POS_INI, NU_POS_FIM, TP_DAD, DS_FMT_DAD, NU_TAM_MAX, NU_PCS, DS_CTD, DS_RTL_CTD, IN_OBR, VL_PDR, IN_ERR)
values (10315, 1042, 10, 21, 'N', null, 12, 0, 'ORDER_NUMBER', 'NroPedido', 'F', null, 'F');

insert into MX_ADM.PTC_MSS_MDL_CTD_RPT(CD_MDL_CTD_RPT, CD_MDL_REG_RPT, NU_POS_INI, NU_POS_FIM, TP_DAD, DS_FMT_DAD, NU_TAM_MAX, NU_PCS, DS_CTD, DS_RTL_CTD, IN_OBR, VL_PDR, IN_ERR)
values (10316, 1042, 22, 33, 'N', null, 12, 0, 'NUM_PEDIDO', 'NumPedido', 'F', null, 'F');

insert into MX_ADM.PTC_MSS_MDL_CTD_RPT(CD_MDL_CTD_RPT, CD_MDL_REG_RPT, NU_POS_INI, NU_POS_FIM, TP_DAD, DS_FMT_DAD, NU_TAM_MAX, NU_PCS, DS_CTD, DS_RTL_CTD, IN_OBR, VL_PDR, IN_ERR)
values (10317, 1042, 34, 83, 'A', null, 50, 0, 'MSG_ERROS', 'Erros', 'T', null, 'T');

insert into MX_ADM.PTC_MSS_MDL_CTD_RPT(CD_MDL_CTD_RPT, CD_MDL_REG_RPT, NU_POS_INI, NU_POS_FIM, TP_DAD, DS_FMT_DAD, NU_TAM_MAX, NU_PCS, DS_CTD, DS_RTL_CTD, IN_OBR, VL_PDR, IN_ERR)
values (10318, 1042, 84, 110, 'A', null, 27, 0, 'FILLER', 'Filler', 'F', null, 'F');

insert into MX_ADM.PTC_MSS_MDL_CTD_RPT(CD_MDL_CTD_RPT, CD_MDL_REG_RPT, NU_POS_INI, NU_POS_FIM, TP_DAD, DS_FMT_DAD, NU_TAM_MAX, NU_PCS, DS_CTD, DS_RTL_CTD, IN_OBR, VL_PDR, IN_ERR)
values (10319, 1043, 1, 2, 'N', null, 2, 0, 'TYPE_REGISTER', 'TipoRegistro', 'T', null, 'F');

insert into MX_ADM.PTC_MSS_MDL_CTD_RPT(CD_MDL_CTD_RPT, CD_MDL_REG_RPT, NU_POS_INI, NU_POS_FIM, TP_DAD, DS_FMT_DAD, NU_TAM_MAX, NU_PCS, DS_CTD, DS_RTL_CTD, IN_OBR, VL_PDR, IN_ERR)
values (10320, 1043, 3, 9, 'N', null, 7, 0, 'LINE_SEQ_ID', 'NroLinha', 'T', null, 'F');

insert into MX_ADM.PTC_MSS_MDL_CTD_RPT(CD_MDL_CTD_RPT, CD_MDL_REG_RPT, NU_POS_INI, NU_POS_FIM, TP_DAD, DS_FMT_DAD, NU_TAM_MAX, NU_PCS, DS_CTD, DS_RTL_CTD, IN_OBR, VL_PDR, IN_ERR)
values (10321, 1043, 10, 21, 'N', null, 12, 0, 'ORDER_NUMBER', 'NroPedido', 'F', null, 'F');

insert into MX_ADM.PTC_MSS_MDL_CTD_RPT(CD_MDL_CTD_RPT, CD_MDL_REG_RPT, NU_POS_INI, NU_POS_FIM, TP_DAD, DS_FMT_DAD, NU_TAM_MAX, NU_PCS, DS_CTD, DS_RTL_CTD, IN_OBR, VL_PDR, IN_ERR)
values (10322, 1043, 22, 40, 'C', null, 19, 0, 'CARD_NUMBER', 'NroCartao', 'F', null, 'F');

insert into MX_ADM.PTC_MSS_MDL_CTD_RPT(CD_MDL_CTD_RPT, CD_MDL_REG_RPT, NU_POS_INI, NU_POS_FIM, TP_DAD, DS_FMT_DAD, NU_TAM_MAX, NU_PCS, DS_CTD, DS_RTL_CTD, IN_OBR, VL_PDR, IN_ERR)
values (10323, 1043, 41, 52, 'N', null, 12, 0, 'NUM_PEDIDO', 'NumPedido', 'F', null, 'F');

insert into MX_ADM.PTC_MSS_MDL_CTD_RPT(CD_MDL_CTD_RPT, CD_MDL_REG_RPT, NU_POS_INI, NU_POS_FIM, TP_DAD, DS_FMT_DAD, NU_TAM_MAX, NU_PCS, DS_CTD, DS_RTL_CTD, IN_OBR, VL_PDR, IN_ERR)
values (10324, 1043, 53, 54, 'N', null, 2, 0, 'RISK_CONDITION_REASON', 'RiskCondReason', 'F', null, 'F');

insert into MX_ADM.PTC_MSS_MDL_CTD_RPT(CD_MDL_CTD_RPT, CD_MDL_REG_RPT, NU_POS_INI, NU_POS_FIM, TP_DAD, DS_FMT_DAD, NU_TAM_MAX, NU_PCS, DS_CTD, DS_RTL_CTD, IN_OBR, VL_PDR, IN_ERR)
values (10325, 1043, 55, 104, 'A', null, 50, 0, 'MSG_ERROS', 'Erros', 'T', null, 'T');

insert into MX_ADM.PTC_MSS_MDL_CTD_RPT(CD_MDL_CTD_RPT, CD_MDL_REG_RPT, NU_POS_INI, NU_POS_FIM, TP_DAD, DS_FMT_DAD, NU_TAM_MAX, NU_PCS, DS_CTD, DS_RTL_CTD, IN_OBR, VL_PDR, IN_ERR)
values (10326, 1043, 105, 110, 'A', null, 6, 0, 'FILLER', 'Filler', 'F', null, 'F');

insert into MX_ADM.PTC_MSS_MDL_CTD_RPT(CD_MDL_CTD_RPT, CD_MDL_REG_RPT, NU_POS_INI, NU_POS_FIM, TP_DAD, DS_FMT_DAD, NU_TAM_MAX, NU_PCS, DS_CTD, DS_RTL_CTD, IN_OBR, VL_PDR, IN_ERR)
values (10327, 1044, 1, 2, 'N', null, 2, 0, 'TYPE_REGISTRER', 'TipoRegistro', 'T', null, 'F');

insert into MX_ADM.PTC_MSS_MDL_CTD_RPT(CD_MDL_CTD_RPT, CD_MDL_REG_RPT, NU_POS_INI, NU_POS_FIM, TP_DAD, DS_FMT_DAD, NU_TAM_MAX, NU_PCS, DS_CTD, DS_RTL_CTD, IN_OBR, VL_PDR, IN_ERR)
values (10328, 1044, 3, 9, 'N', null, 7, 0, 'LINE_SEQ_ID', 'NroLinha', 'T', null, 'F');

insert into MX_ADM.PTC_MSS_MDL_CTD_RPT(CD_MDL_CTD_RPT, CD_MDL_REG_RPT, NU_POS_INI, NU_POS_FIM, TP_DAD, DS_FMT_DAD, NU_TAM_MAX, NU_PCS, DS_CTD, DS_RTL_CTD, IN_OBR, VL_PDR, IN_ERR)
values (10329, 1044, 10, 19, 'N', null, 10, 0, 'NR_REMESSA', 'NroRemessa', 'T', null, 'F');

insert into MX_ADM.PTC_MSS_MDL_CTD_RPT(CD_MDL_CTD_RPT, CD_MDL_REG_RPT, NU_POS_INI, NU_POS_FIM, TP_DAD, DS_FMT_DAD, NU_TAM_MAX, NU_PCS, DS_CTD, DS_RTL_CTD, IN_OBR, VL_PDR, IN_ERR)
values (10330, 1044, 20, 33, 'D', 'DDMMYYYYHH24MISS', 14, 0, 'DT_REMESSA', 'DataRemessa', 'T', null, 'F');

insert into MX_ADM.PTC_MSS_MDL_CTD_RPT(CD_MDL_CTD_RPT, CD_MDL_REG_RPT, NU_POS_INI, NU_POS_FIM, TP_DAD, DS_FMT_DAD, NU_TAM_MAX, NU_PCS, DS_CTD, DS_RTL_CTD, IN_OBR, VL_PDR, IN_ERR)
values (10331, 1044, 34, 48, 'N', null, 15, 0, 'CT_REGISTROS', 'QtdeRegistros', 'T', null, 'F');

insert into MX_ADM.PTC_MSS_MDL_CTD_RPT(CD_MDL_CTD_RPT, CD_MDL_REG_RPT, NU_POS_INI, NU_POS_FIM, TP_DAD, DS_FMT_DAD, NU_TAM_MAX, NU_PCS, DS_CTD, DS_RTL_CTD, IN_OBR, VL_PDR, IN_ERR)
values (10332, 1044, 49, 110, 'A', null, 62, 0, 'FILLER', 'Filler', 'F', null, 'F');
